N	Source	YouTube
1	Shortlist 2008 N2
1	Shortlist 2012 C2
1	Shortlist 2012 G2
2	Shortlist 2007 C1
2	Shortlist 2007 G2	https://www.youtube.com/watch?v=vA1iwW41Jmw&list=PLi6h8GM1FA6yHh4gDk_ZYezmncU1EJUmZ
2	Shortlist 2009 C1
3	Shortlist 2005 G3
3	Shortlist 2007 N4	https://www.youtube.com/watch?v=L-gy9W0sY-8&list=PLi6h8GM1FA6yHh4gDk_ZYezmncU1EJUmZ
4	Shortlist 2006 A2
4	Shortlist 2007 G8	https://www.youtube.com/watch?v=syyRZfWhoyI&list=PLi6h8GM1FA6yHh4gDk_ZYezmncU1EJUmZ
5	Shortlist 2004 N1	https://www.youtube.com/watch?v=yiBPjy49z80&list=PLi6h8GM1FA6yHh4gDk_ZYezmncU1EJUmZ
5	Shortlist 2006 G2	https://www.youtube.com/watch?v=--mpFb3GbBA&list=PLi6h8GM1FA6yHh4gDk_ZYezmncU1EJUmZ
5	Shortlist 2013 A2
6	Twitch 006.1
6	Shortlist 2005 C1	https://www.youtube.com/watch?v=HjR-g-AMhC8&list=PLi6h8GM1FA6yHh4gDk_ZYezmncU1EJUmZ
6	Shortlist 2006 A5	https://www.youtube.com/watch?v=DGLLEYuvHVA&list=PLi6h8GM1FA6yHh4gDk_ZYezmncU1EJUmZ
6	Shortlist 2012 G3	https://www.youtube.com/watch?v=DpUbRGjqTiI&list=PLi6h8GM1FA6yHh4gDk_ZYezmncU1EJUmZ
7	Shortlist 2004 A2	https://www.youtube.com/watch?v=ESnvvXn0B6Q&list=PLi6h8GM1FA6yHh4gDk_ZYezmncU1EJUmZ
7	Shortlist 2004 C3	https://www.youtube.com/watch?v=0f4qSCsWQjI&list=PLi6h8GM1FA6yHh4gDk_ZYezmncU1EJUmZ
7	Shortlist 2004 G3	https://www.youtube.com/watch?v=3W4kkTPJup0&list=PLi6h8GM1FA6yHh4gDk_ZYezmncU1EJUmZ
7	Shortlist 2004 N2
8	Shortlist 2008 C5	https://www.youtube.com/watch?v=ikvgjL-82tE&list=PLi6h8GM1FA6yHh4gDk_ZYezmncU1EJUmZ
8	Shortlist 2008 G6	https://www.youtube.com/watch?v=okxnxCnAAas&list=PLi6h8GM1FA6yHh4gDk_ZYezmncU1EJUmZ
8	Shortlist 2009 A1
9	Shortlist 2004 C5
9	Shortlist 2012 A2	https://www.youtube.com/watch?v=pG4Ea3O88aA&list=PLi6h8GM1FA6yHh4gDk_ZYezmncU1EJUmZ
10	USEMO 2019/1	https://www.youtube.com/watch?v=V2TNgUwbs6A&list=PLi6h8GM1FA6yfhMMNqJi1mht4KmZnXpj6
10	USEMO 2019/2	https://www.youtube.com/watch?v=V2TNgUwbs6A&list=PLi6h8GM1FA6yfhMMNqJi1mht4KmZnXpj6
10	USEMO 2019/3	https://www.youtube.com/watch?v=V2TNgUwbs6A&list=PLi6h8GM1FA6yfhMMNqJi1mht4KmZnXpj6
11	USEMO 2019/4	https://www.youtube.com/watch?v=0rdn01T_q4Y&list=PLi6h8GM1FA6yfhMMNqJi1mht4KmZnXpj6
11	USEMO 2019/5	https://www.youtube.com/watch?v=0rdn01T_q4Y&list=PLi6h8GM1FA6yfhMMNqJi1mht4KmZnXpj6
11	USEMO 2019/6	https://www.youtube.com/watch?v=0rdn01T_q4Y&list=PLi6h8GM1FA6yfhMMNqJi1mht4KmZnXpj6
12	EGMO 2012/4
12	India TST 2019/2
12	Japan 2019/4	https://www.youtube.com/watch?v=cm8svlDoPfs&list=PLi6h8GM1FA6yHh4gDk_ZYezmncU1EJUmZ
13	Twitch 013.1	https://www.youtube.com/watch?v=6DxiStGJQb0&list=PLi6h8GM1FA6yHh4gDk_ZYezmncU1EJUmZ
13	IMO 1993/3	https://www.youtube.com/watch?v=9YfK2HmNkEs&list=PLi6h8GM1FA6yHh4gDk_ZYezmncU1EJUmZ
13	Iberoamerican 2001/3	https://www.youtube.com/watch?v=sqcw8uB2M-8&list=PLi6h8GM1FA6yHh4gDk_ZYezmncU1EJUmZ
13	Shortlist 2007 N5	https://www.youtube.com/watch?v=OExdK27KHx8&list=PLi6h8GM1FA6yHh4gDk_ZYezmncU1EJUmZ
13	Taiwan TST 2019/2J/2	https://www.youtube.com/watch?v=KcHiYXOJi_Q&list=PLi6h8GM1FA6yHh4gDk_ZYezmncU1EJUmZ
14	AMC 12B 2020/12	https://www.youtube.com/watch?v=h9wworb4yE8&list=PLi6h8GM1FA6yHh4gDk_ZYezmncU1EJUmZ
14	Iran TST 2018/9	https://www.youtube.com/watch?v=_o8r5wGUmWE&list=PLi6h8GM1FA6yHh4gDk_ZYezmncU1EJUmZ
15	Shortlist 2006 C6	https://www.youtube.com/watch?v=n7Z5I5I0R-c&list=PLi6h8GM1FA6yHh4gDk_ZYezmncU1EJUmZ
16	JMO 2020/1	https://www.youtube.com/watch?v=r7j0oRtpErA&t=1190
16	JMO 2020/2	https://www.youtube.com/watch?v=r7j0oRtpErA&t=1575
16	USAMO 2020/1	https://www.youtube.com/watch?v=r7j0oRtpErA&t=2070
16	USAMO 2020/2	https://www.youtube.com/watch?v=r7j0oRtpErA&t=2440
16	USAMO 2020/3	https://www.youtube.com/watch?v=r7j0oRtpErA&t=3240
16	JMO 2020/4	https://www.youtube.com/watch?v=r7j0oRtpErA&t=3960
16	USAMO 2020/4	https://www.youtube.com/watch?v=r7j0oRtpErA?&=4530
16	JMO 2020/6	https://www.youtube.com/watch?v=r7j0oRtpErA&t=4905
16	USAMO 2020/5	https://www.youtube.com/watch?v=r7j0oRtpErA&t=5420
16	USAMO 2020/6	https://www.youtube.com/watch?v=r7j0oRtpErA&t=6165
17	Shortlist 1981/11	https://www.youtube.com/watch?v=7xeymeh5kbE&list=PLi6h8GM1FA6yHh4gDk_ZYezmncU1EJUmZ
17	Shortlist 2004 G6	https://www.youtube.com/watch?v=okLAo36yxdk&list=PLi6h8GM1FA6yHh4gDk_ZYezmncU1EJUmZ
18	Shortlist 2002 C7	https://www.youtube.com/watch?v=4AxsoRBAYE0&list=PLi6h8GM1FA6yHh4gDk_ZYezmncU1EJUmZ
19	KJMO 2012/1	https://www.youtube.com/watch?v=lC1g-01Me-w&list=PLi6h8GM1FA6yHh4gDk_ZYezmncU1EJUmZ
19	Romania JBMO TST 2019/3.1	https://www.youtube.com/watch?v=yAU826DfIdo&list=PLi6h8GM1FA6yHh4gDk_ZYezmncU1EJUmZ
20	Singapore 2017/J2/2
21	Mexico 2019/6	https://www.youtube.com/watch?v=lxuqQaN59tU&list=PLi6h8GM1FA6yHh4gDk_ZYezmncU1EJUmZ
21	IMO 1979/3	https://www.youtube.com/watch?v=cavQ_A0QS8o&list=PLi6h8GM1FA6yHh4gDk_ZYezmncU1EJUmZ
21	Shortlist 1996 C6	https://www.youtube.com/watch?v=4oTU6jWCrzw&list=PLi6h8GM1FA6yHh4gDk_ZYezmncU1EJUmZ
22	Shortlist 1990/13	https://www.youtube.com/watch?v=cJeiPzJcVog&list=PLi6h8GM1FA6yHh4gDk_ZYezmncU1EJUmZ
22	Croatia TST 2016/2/2	https://www.youtube.com/watch?v=BulxRrkmQUQ&list=PLi6h8GM1FA6yHh4gDk_ZYezmncU1EJUmZ
22	SIME 2020/15	https://www.youtube.com/watch?v=EIz39iVoGcg&list=PLi6h8GM1FA6yHh4gDk_ZYezmncU1EJUmZ
23	SIME 2020/14	https://www.youtube.com/watch?v=6RJbk6tTUi0&list=PLi6h8GM1FA6yHh4gDk_ZYezmncU1EJUmZ
23	Shortlist 2009 C4	https://www.youtube.com/watch?v=yvW6wnctR-c&list=PLi6h8GM1FA6yHh4gDk_ZYezmncU1EJUmZ
23	Iran 2010/2/6	https://www.youtube.com/watch?v=CC5w3OLl18A&list=PLi6h8GM1FA6yHh4gDk_ZYezmncU1EJUmZ
24	Shortlist 2009 C6	https://www.youtube.com/watch?v=j6NpL_yF6qI&list=PLi6h8GM1FA6yHh4gDk_ZYezmncU1EJUmZ
24	Putnam 2019 A5	https://www.youtube.com/watch?v=K_YcIS8PW3g&list=PLi6h8GM1FA6yHh4gDk_ZYezmncU1EJUmZ
24	IMO 1988/3	https://www.youtube.com/watch?v=S6igQE958jQ&list=PLi6h8GM1FA6yHh4gDk_ZYezmncU1EJUmZ
24	Singapore 2019/5	https://www.youtube.com/watch?v=wNzJJ2oe_b4&list=PLi6h8GM1FA6yHh4gDk_ZYezmncU1EJUmZ
25	Iran TST 2019/15	https://www.youtube.com/watch?v=3p2rWg5pGwk&list=PLi6h8GM1FA6yHh4gDk_ZYezmncU1EJUmZ
25	SIME 2020/13	https://www.youtube.com/watch?v=hQ4lFgub7tU&list=PLi6h8GM1FA6yHh4gDk_ZYezmncU1EJUmZ
25	MODS 2019/2	https://www.youtube.com/watch?v=EE3z66dcd4s&list=PLi6h8GM1FA6yHh4gDk_ZYezmncU1EJUmZ
26	Brazil 2017/6	https://www.youtube.com/watch?v=A3AQVRvVk3g&list=PLi6h8GM1FA6yHh4gDk_ZYezmncU1EJUmZ
26	SJMO 2020/2	https://www.youtube.com/watch?v=uLAvYA0CpSo&list=PLi6h8GM1FA6yHh4gDk_ZYezmncU1EJUmZ
26	CNCM7	https://www.youtube.com/watch?v=fnRPXcJjXqU&list=PLi6h8GM1FA6yHh4gDk_ZYezmncU1EJUmZ
27	SMO 2020/5	https://www.youtube.com/watch?v=XlXnHk9AtAE&list=PLi6h8GM1FA6yHh4gDk_ZYezmncU1EJUmZ
27	SMO 2020/4	https://www.youtube.com/watch?v=8IjDBRNMGI0&list=PLi6h8GM1FA6yHh4gDk_ZYezmncU1EJUmZ
27	China TST 2012/1/2	https://www.youtube.com/watch?v=X3Nw-GWac9k&list=PLi6h8GM1FA6yHh4gDk_ZYezmncU1EJUmZ
27	IMO 1990/6	https://www.youtube.com/watch?v=rTb16n8eAU8&list=PLi6h8GM1FA6yHh4gDk_ZYezmncU1EJUmZ
28	CAMO 2019/2	https://www.youtube.com/watch?v=5hMZamIYjD8&list=PLi6h8GM1FA6yHh4gDk_ZYezmncU1EJUmZ
28	SJMO 2020/3	https://www.youtube.com/watch?v=bI_9MjmoRgE&list=PLi6h8GM1FA6yHh4gDk_ZYezmncU1EJUmZ
28	KoMaL A774	https://www.youtube.com/watch?v=g-nMGCXyCSM&list=PLi6h8GM1FA6yHh4gDk_ZYezmncU1EJUmZ
28	IMO 1981/3	https://www.youtube.com/watch?v=U8xUT782kts&list=PLi6h8GM1FA6yHh4gDk_ZYezmncU1EJUmZ
28	SMO 2020/1	https://www.youtube.com/watch?v=yGeCeBOMyA4&list=PLi6h8GM1FA6yHh4gDk_ZYezmncU1EJUmZ
29	IMO 1999/4	https://www.youtube.com/watch?v=HybwwvQQPHA&list=PLi6h8GM1FA6yHh4gDk_ZYezmncU1EJUmZ
29	SMO 2020/3	https://www.youtube.com/watch?v=rScZrRpRkR0&list=PLi6h8GM1FA6yHh4gDk_ZYezmncU1EJUmZ
29	China TST 2019/4/1	https://www.youtube.com/watch?v=OxeeSsdEgwI&list=PLi6h8GM1FA6yHh4gDk_ZYezmncU1EJUmZ
30	IMO 2020/1	https://www.youtube.com/watch?v=JfRrlvbzKHk
30	IMO 2020/2	https://www.youtube.com/watch?v=JfRrlvbzKHk
30	IMO 2020/3	https://www.youtube.com/watch?v=JfRrlvbzKHk
30	IMO 2020/4	https://www.youtube.com/watch?v=JfRrlvbzKHk
30	IMO 2020/5	https://www.youtube.com/watch?v=JfRrlvbzKHk
30	IMO 2020/6	https://www.youtube.com/watch?v=JfRrlvbzKHk
31	BAMO 2003/5	https://www.youtube.com/watch?v=jZLZjmSOmRg&list=PLi6h8GM1FA6yHh4gDk_ZYezmncU1EJUmZ
31	Twitch 031.1	https://www.youtube.com/watch?v=6ou11s8WP0A&list=PLi6h8GM1FA6yHh4gDk_ZYezmncU1EJUmZ
31	Brazil 2007/2	https://www.youtube.com/watch?v=AzYdaQk1TmM&list=PLi6h8GM1FA6yHh4gDk_ZYezmncU1EJUmZ
32	ToT Fall 1999 J-A6	https://www.youtube.com/watch?v=JMNCvAb0CgA&list=PLi6h8GM1FA6yHh4gDk_ZYezmncU1EJUmZ
32	Cono Sur 2011/6	https://www.youtube.com/watch?v=S6AYLVuUzn8&list=PLi6h8GM1FA6yHh4gDk_ZYezmncU1EJUmZ
32	Twitch 032.3	https://www.youtube.com/watch?v=Nrj2bc9L_Tw&list=PLi6h8GM1FA6yHh4gDk_ZYezmncU1EJUmZ
33	Twitch 033.1	https://www.youtube.com/watch?v=zMN8WeefUuI&list=PLi6h8GM1FA6yHh4gDk_ZYezmncU1EJUmZ
33	CAMO 2020/6	https://www.youtube.com/watch?v=KqT4kXRA6nA&list=PLi6h8GM1FA6yHh4gDk_ZYezmncU1EJUmZ
33	Russia 2005/9.2	https://www.youtube.com/watch?v=L9O1f7FP8bs&list=PLi6h8GM1FA6yHh4gDk_ZYezmncU1EJUmZ
33	Twitch 033.4	https://www.youtube.com/watch?v=aYeJxgRJeYw&list=PLi6h8GM1FA6yHh4gDk_ZYezmncU1EJUmZ
33	APMO 2009/1	https://www.youtube.com/watch?v=uj93tNL8f7M&list=PLi6h8GM1FA6yHh4gDk_ZYezmncU1EJUmZ
34	USEMO 2020/1	https://www.youtube.com/watch?v=5a_XCGKiXnI
34	USEMO 2020/2	https://www.youtube.com/watch?v=5a_XCGKiXnI
34	USEMO 2020/3	https://www.youtube.com/watch?v=5a_XCGKiXnI
35	USEMO 2020/4	https://www.youtube.com/watch?v=5a_XCGKiXnI
35	USEMO 2020/5	https://www.youtube.com/watch?v=5a_XCGKiXnI
35	USEMO 2020/6	https://www.youtube.com/watch?v=5a_XCGKiXnI
36	Twitch 036.1	https://www.youtube.com/watch?v=8HVWommo3ZU&list=PLi6h8GM1FA6yHh4gDk_ZYezmncU1EJUmZ
36	COMC 2020/C4	https://www.youtube.com/watch?v=8g21cEWiomg&list=PLi6h8GM1FA6yHh4gDk_ZYezmncU1EJUmZ
36	JMO 2013/4	https://www.youtube.com/watch?v=Ewp4nw6Mbr4&list=PLi6h8GM1FA6yHh4gDk_ZYezmncU1EJUmZ
36	JMO 2012/5	https://www.youtube.com/watch?v=5cIgTuYBWKo&list=PLi6h8GM1FA6yHh4gDk_ZYezmncU1EJUmZ
37	Shortlist 2003 N8	https://www.youtube.com/watch?v=0Ax32Q0Z0Ho&list=PLi6h8GM1FA6yHh4gDk_ZYezmncU1EJUmZ
37	Twitch 037.3	https://www.youtube.com/watch?v=Rsr1cKKDljs&list=PLi6h8GM1FA6yHh4gDk_ZYezmncU1EJUmZ
37	USAMO 1999/3	https://www.youtube.com/watch?v=LNBcuBMmN9g&list=PLi6h8GM1FA6yHh4gDk_ZYezmncU1EJUmZ
37	IMO 1982/1	https://www.youtube.com/watch?v=ls0fTee5eT0&list=PLi6h8GM1FA6yHh4gDk_ZYezmncU1EJUmZ
38	RMM 2016/5	https://www.youtube.com/watch?v=ZqJNTYGwl8A&list=PLi6h8GM1FA6yHh4gDk_ZYezmncU1EJUmZ
38	Shortlist 1995 N8	https://www.youtube.com/watch?v=ePkZIVu9YJs&list=PLi6h8GM1FA6yHh4gDk_ZYezmncU1EJUmZ
39	TSTST 2020/1	https://www.youtube.com/watch?v=zkygeEZ_scc
39	TSTST 2020/2	https://www.youtube.com/watch?v=zkygeEZ_scc
39	TSTST 2020/3	https://www.youtube.com/watch?v=zkygeEZ_scc
40	USAMO 1998/3	https://www.youtube.com/watch?v=769HmeqO8OU&list=PLi6h8GM1FA6yHh4gDk_ZYezmncU1EJUmZ
40	TSTST 2013/4	https://www.youtube.com/watch?v=gUb0y5VD6As&list=PLi6h8GM1FA6yHh4gDk_ZYezmncU1EJUmZ
41	TSTST 2013/9	https://www.youtube.com/watch?v=NQe9616AqXU&list=PLi6h8GM1FA6yHh4gDk_ZYezmncU1EJUmZ
41	USAMO 1999/1	https://www.youtube.com/watch?v=Uv4AtkRVPwo&list=PLi6h8GM1FA6yHh4gDk_ZYezmncU1EJUmZ
41	USAMO 1998/4	https://www.youtube.com/watch?v=0_e8MuvtsJo&list=PLi6h8GM1FA6yHh4gDk_ZYezmncU1EJUmZ
42	Shortlist 2008 N4	https://www.youtube.com/watch?v=7pe77MGepSc&list=PLi6h8GM1FA6yHh4gDk_ZYezmncU1EJUmZ
42	Cono Sur 2020/6	https://www.youtube.com/watch?v=iQkSQ97KWCA&list=PLi6h8GM1FA6yHh4gDk_ZYezmncU1EJUmZ
42	TSTST 2011/2	https://www.youtube.com/watch?v=U5EgFWrDO-E&list=PLi6h8GM1FA6yHh4gDk_ZYezmncU1EJUmZ
43	DeuX MO 2020/I/2	https://www.youtube.com/watch?v=KXdg6Kv7d9k&list=PLi6h8GM1FA6yHh4gDk_ZYezmncU1EJUmZ
43	Russia 2011/9.8	https://www.youtube.com/watch?v=FozF63KHw6E&list=PLi6h8GM1FA6yHh4gDk_ZYezmncU1EJUmZ
44	TSTST 2020/4	https://www.youtube.com/watch?v=L_JBme8pnKU
44	TSTST 2020/5	https://www.youtube.com/watch?v=L_JBme8pnKU
44	TSTST 2020/6	https://www.youtube.com/watch?v=L_JBme8pnKU
45	RSL 2018 N1	https://www.youtube.com/watch?v=YlhamV8TwSc&list=PLi6h8GM1FA6yHh4gDk_ZYezmncU1EJUmZ
45	IMO 1993/6	https://www.youtube.com/watch?v=OvHiDzshu7M&list=PLi6h8GM1FA6yHh4gDk_ZYezmncU1EJUmZ
45	IMO 1998/1	https://www.youtube.com/watch?v=anCyZ5V0dgw&list=PLi6h8GM1FA6yHh4gDk_ZYezmncU1EJUmZ
47	CAMO 2020/5	https://www.youtube.com/watch?v=ASXM4IsPyic&list=PLi6h8GM1FA6yHh4gDk_ZYezmncU1EJUmZ
47	Twitch 047.2	https://www.youtube.com/watch?v=tfJRNQMya0c&list=PLi6h8GM1FA6yHh4gDk_ZYezmncU1EJUmZ
47	Shortlist 1990/17	https://www.youtube.com/watch?v=UWBYzWeJwYc&list=PLi6h8GM1FA6yHh4gDk_ZYezmncU1EJUmZ
47	USAMO 1998/6	https://www.youtube.com/watch?v=yogTspROyC4&list=PLi6h8GM1FA6yHh4gDk_ZYezmncU1EJUmZ
47	PUMaC 2015 C8	https://www.youtube.com/watch?v=YuGZ__XHtL8&list=PLi6h8GM1FA6yHh4gDk_ZYezmncU1EJUmZ
48	MR J489	https://www.youtube.com/watch?v=peeZTuB_cvY&list=PLi6h8GM1FA6yHh4gDk_ZYezmncU1EJUmZ
48	IMO 1997/5	https://www.youtube.com/watch?v=8UqGUia33mI&list=PLi6h8GM1FA6yHh4gDk_ZYezmncU1EJUmZ
48	CMIMC 2017 G9	https://www.youtube.com/watch?v=-beq_Y_Npsw&list=PLi6h8GM1FA6yHh4gDk_ZYezmncU1EJUmZ
49	HMIC 2015/5	https://www.youtube.com/watch?v=DzEdbFcr4DU&list=PLi6h8GM1FA6yHh4gDk_ZYezmncU1EJUmZ
49	Iberoamerican 2020/2	https://www.youtube.com/watch?v=l18c28zosHk&list=PLi6h8GM1FA6yHh4gDk_ZYezmncU1EJUmZ
49	USAMO 1998/1	https://www.youtube.com/watch?v=jsw3c3yAn7o&list=PLi6h8GM1FA6yHh4gDk_ZYezmncU1EJUmZ
50	TSTST 2020/7	https://www.youtube.com/watch?v=NOjZ_DKUgxc
50	TSTST 2020/8	https://www.youtube.com/watch?v=NOjZ_DKUgxc
50	TSTST 2020/9	https://www.youtube.com/watch?v=NOjZ_DKUgxc
50	USAMO 1997/1	https://www.youtube.com/watch?v=5jIFaUjnkg0&list=PLi6h8GM1FA6yHh4gDk_ZYezmncU1EJUmZ
50	USAMO 1997/6	https://www.youtube.com/watch?v=q4n-74-t1xY&list=PLi6h8GM1FA6yHh4gDk_ZYezmncU1EJUmZ
51	ELMO 2013/6	https://www.youtube.com/watch?v=qyfqm9u2ulQ&list=PLi6h8GM1FA6yHh4gDk_ZYezmncU1EJUmZ
51	Iberoamerican 2020/6
52	AMC 12A 2021/24	https://www.youtube.com/watch?v=O-fh01O_Zao&list=PLi6h8GM1FA6yHh4gDk_ZYezmncU1EJUmZ
52	IGO 2020/A4	https://www.youtube.com/watch?v=hlP-tSi3Eb8&list=PLi6h8GM1FA6yHh4gDk_ZYezmncU1EJUmZ
53	AMC 10B 2021/24	https://www.youtube.com/watch?v=wJAPIFfdPJs&list=PLi6h8GM1FA6yHh4gDk_ZYezmncU1EJUmZ
53	ToT Fall 2015 S-A7	https://www.youtube.com/watch?v=K_-dqUJhSUU&list=PLi6h8GM1FA6yHh4gDk_ZYezmncU1EJUmZ
54	Brazil 2015/3	https://www.youtube.com/watch?v=IMMkiy8rZ9w&list=PLi6h8GM1FA6yHh4gDk_ZYezmncU1EJUmZ
54	ToT Fall 2012 S-A7	https://www.youtube.com/watch?v=zmaXZLRUpJg&list=PLi6h8GM1FA6yHh4gDk_ZYezmncU1EJUmZ
55	Iberoamerican 2003/6	https://www.youtube.com/watch?v=d8d548yI5FA&list=PLi6h8GM1FA6yHh4gDk_ZYezmncU1EJUmZ
55	Mexico 2020/3	https://www.youtube.com/watch?v=A3mS8QrYH6E&list=PLi6h8GM1FA6yHh4gDk_ZYezmncU1EJUmZ
56	USA TST 2021/1	https://www.youtube.com/watch?v=J3cOwLGB2ZY
56	USA TST 2021/2	https://www.youtube.com/watch?v=J3cOwLGB2ZY
56	USA TST 2021/3	https://www.youtube.com/watch?v=J3cOwLGB2ZY
57	Brazil 2013/2	https://www.youtube.com/watch?v=TqUFlbW8cgE&list=PLi6h8GM1FA6yHh4gDk_ZYezmncU1EJUmZ
57	Besant 1895	https://www.youtube.com/watch?v=2oMA0RpDBbA&list=PLi6h8GM1FA6yHh4gDk_ZYezmncU1EJUmZ
58	CHMMC 2021/6	https://www.youtube.com/watch?v=KZ6Gyc4an9M&list=PLi6h8GM1FA6yHh4gDk_ZYezmncU1EJUmZ
58	Putnam 2020 B6	https://www.youtube.com/watch?v=IQWO75AEeyQ&list=PLi6h8GM1FA6yHh4gDk_ZYezmncU1EJUmZ
58	Shortlist 2000 N6	https://www.youtube.com/watch?v=2gpmGY2l2VU&list=PLi6h8GM1FA6yHh4gDk_ZYezmncU1EJUmZ
59	Twitch 059.1	https://www.youtube.com/watch?v=wqNNrhbVlvc&list=PLi6h8GM1FA6yHh4gDk_ZYezmncU1EJUmZ
59	ELMO 2010/2	https://www.youtube.com/watch?v=-tfVetEaVdo&list=PLi6h8GM1FA6yHh4gDk_ZYezmncU1EJUmZ
59	Shortlist 1998 N8	https://www.youtube.com/watch?v=46z5jJ-rauc&list=PLi6h8GM1FA6yHh4gDk_ZYezmncU1EJUmZ
60	China TST 2021/1/3	https://www.youtube.com/watch?v=VpupgdW1PBg&list=PLi6h8GM1FA6yHh4gDk_ZYezmncU1EJUm
60	CAMO 2021/6	https://www.youtube.com/watch?v=te7Lc344aIs&list=PLi6h8GM1FA6yHh4gDk_ZYezmncU1EJUmZ
62	Sharygin 2019/23	https://www.youtube.com/watch?v=oCtUUKGXuaA&list=PLi6h8GM1FA6yHh4gDk_ZYezmncU1EJUmZ
62	Putnam 1972 B6	https://www.youtube.com/watch?v=iKfVuypCVos&list=PLi6h8GM1FA6yHh4gDk_ZYezmncU1EJUmZ
62	Shortlist 2004 C2	https://www.youtube.com/watch?v=Su-mzHWfLjE&list=PLi6h8GM1FA6yHh4gDk_ZYezmncU1EJUmZ
62	CAMO 2021/2	https://www.youtube.com/watch?v=AlIvbT2FCI4&list=PLi6h8GM1FA6yHh4gDk_ZYezmncU1EJUmZ
64	Fary theorem
64	Shortlist 2014 A2	https://www.youtube.com/watch?v=LrqjMNxmzcw&list=PLi6h8GM1FA6yHh4gDk_ZYezmncU1EJUmZ
64	ToT Fall 2015 S-A7	https://www.youtube.com/watch?v=purSYt9etTE&list=PLi6h8GM1FA6yHh4gDk_ZYezmncU1EJUmZ
64	USAMO 1997/4	https://www.youtube.com/watch?v=Nc4E8-QtjHk&list=PLi6h8GM1FA6yHh4gDk_ZYezmncU1EJUmZ
65	JMO 2021/1	https://www.youtube.com/watch?v=9WNgDETHOlI&t=63
65	JMO 2021/3	https://www.youtube.com/watch?v=9WNgDETHOlI&t=655
65	JMO 2021/4	https://www.youtube.com/watch?v=9WNgDETHOlI&t=317
65	USAMO 2021/1	https://www.youtube.com/watch?v=9WNgDETHOlI&t=890
65	USAMO 2021/2	https://www.youtube.com/watch?v=9WNgDETHOlI&t=1325
65	USAMO 2021/3	https://www.youtube.com/watch?v=9WNgDETHOlI&t=2325
65	USAMO 2021/4	https://www.youtube.com/watch?v=9WNgDETHOlI&t=1008
65	USAMO 2021/5	https://www.youtube.com/watch?v=9WNgDETHOlI&t=1700
65	USAMO 2021/6	https://www.youtube.com/watch?v=9WNgDETHOlI&t=2930
65	Rectangle projection	https://www.youtube.com/watch?v=pX8MtGmwFZo&list=PLi6h8GM1FA6yHh4gDk_ZYezmncU1EJUmZ
65	Canada 2021/4	https://www.youtube.com/watch?v=cnCr4S2tUO4&list=PLi6h8GM1FA6yHh4gDk_ZYezmncU1EJUmZ
66	CAMO 2021/3	https://www.youtube.com/watch?v=yRlq-S0P3OE&list=PLi6h8GM1FA6yHh4gDk_ZYezmncU1EJUmZ
66	Putnam 1979 B6	https://www.youtube.com/watch?v=F1-jL2dSQJc&list=PLi6h8GM1FA6yHh4gDk_ZYezmncU1EJUmZ
67	Twitch 067.1	https://www.youtube.com/watch?v=9tL7vedNX_M&list=PLi6h8GM1FA6yHh4gDk_ZYezmncU1EJUmZ
67	ToT Spring 1999 S-A1	https://www.youtube.com/watch?v=jacgQ_r-ROE&list=PLi6h8GM1FA6yHh4gDk_ZYezmncU1EJUmZ
67	Vietnam 2014 Training	https://www.youtube.com/watch?v=FxemXWXw92s&list=PLi6h8GM1FA6yHh4gDk_ZYezmncU1EJUmZ
67	Italy TST 2006/5	https://www.youtube.com/watch?v=YBS-zrNl1O4&list=PLi6h8GM1FA6yHh4gDk_ZYezmncU1EJUmZ
68	Germany 2017/5	https://www.youtube.com/watch?v=hJ_r74sfBaE&list=PLi6h8GM1FA6yHh4gDk_ZYezmncU1EJUmZ
68	USAMO 1996/1	https://www.youtube.com/watch?v=7YQwWvVdLSg&list=PLi6h8GM1FA6yHh4gDk_ZYezmncU1EJUmZ
68	Shortlist 1998 N1	https://www.youtube.com/watch?v=iswj_GVcbo8&list=PLi6h8GM1FA6yHh4gDk_ZYezmncU1EJUmZ
68	Shortlist 2012 N1	https://www.youtube.com/watch?v=yvQEumKoBXI&list=PLi6h8GM1FA6yHh4gDk_ZYezmncU1EJUmZ
69	Bulgaria 2018/3	https://www.youtube.com/watch?v=xEy1PKfyDaM&list=PLi6h8GM1FA6yHh4gDk_ZYezmncU1EJUmZ
70	Cono Sur TST	https://www.youtube.com/watch?v=wVQkRadMpK8&list=PLi6h8GM1FA6yHh4gDk_ZYezmncU1EJUmZ
70	Shortlist 2012 N3	https://www.youtube.com/watch?v=zVmGnDNw6LE&list=PLi6h8GM1FA6yHh4gDk_ZYezmncU1EJUmZ
70	Junior Balkan 2013/3	https://www.youtube.com/watch?v=DQ0-cuYJ-mQ&list=PLi6h8GM1FA6yHh4gDk_ZYezmncU1EJUmZ
71	JBMO SL 2008 A2	https://www.youtube.com/watch?v=dlrSmf05n-w&list=PLi6h8GM1FA6yHh4gDk_ZYezmncU1EJUmZ
71	Martin Gardner	https://www.youtube.com/watch?v=8Bv34HhINOI&list=PLi6h8GM1FA6yHh4gDk_ZYezmncU1EJUmZ
71	JBMO SL 2018 C3	https://www.youtube.com/watch?v=wsWMkO4PTp8&list=PLi6h8GM1FA6yHh4gDk_ZYezmncU1EJUmZ
71	KoMaL N166	https://www.youtube.com/watch?v=9jfELCmq8Y0&list=PLi6h8GM1FA6yHh4gDk_ZYezmncU1EJUmZ
72	Twitch 072.1	https://www.youtube.com/watch?v=7Qjr5CwzQDU&list=PLi6h8GM1FA6yHh4gDk_ZYezmncU1EJUmZ
72	Sweden 2018	https://www.youtube.com/watch?v=drrHDLWR6bw&list=PLi6h8GM1FA6yHh4gDk_ZYezmncU1EJUmZ
72	ToT Fall 2011 S-A7	https://www.youtube.com/watch?v=DgsH-Nn2fOo&list=PLi6h8GM1FA6yHh4gDk_ZYezmncU1EJUmZ
73	Russia 2010/10.8	https://www.youtube.com/watch?v=uDVCCdQLt6s&list=PLi6h8GM1FA6yHh4gDk_ZYezmncU1EJUmZ
74	ToT Fall 2005 S-A3	https://www.youtube.com/watch?v=vH67pRJdM8g&list=PLi6h8GM1FA6yHh4gDk_ZYezmncU1EJUmZ
74	USAMO 1997/3	https://www.youtube.com/watch?v=rGoMTlJwq-I&list=PLi6h8GM1FA6yHh4gDk_ZYezmncU1EJUmZ
74	Brazil 2020/5	https://www.youtube.com/watch?v=2ku744eaxYA&list=PLi6h8GM1FA6yHh4gDk_ZYezmncU1EJUmZ
75	ELMO 2010/3	https://www.youtube.com/watch?v=rGoMTlJwq-I&list=PLi6h8GM1FA6yHh4gDk_ZYezmncU1EJUmZ
76	Shortlist 2014 A3	https://www.youtube.com/watch?v=UQ21yEicM6o&list=PLi6h8GM1FA6yHh4gDk_ZYezmncU1EJUmZ
76	ZhiHu 2021	https://www.youtube.com/watch?v=uO-ONtWg6G8&list=PLi6h8GM1FA6yHh4gDk_ZYezmncU1EJUmZ
77	Shortlist 2007 N1	https://www.youtube.com/watch?v=MjxGLjTWZdM&list=PLi6h8GM1FA6yHh4gDk_ZYezmncU1EJUmZ
77	Shortlist 1999 C6	https://www.youtube.com/watch?v=iznvJAYuUqo&list=PLi6h8GM1FA6yHh4gDk_ZYezmncU1EJUmZ
77	Shortlist 2013 C4	https://www.youtube.com/watch?v=wWVB29XWuU0&list=PLi6h8GM1FA6yHh4gDk_ZYezmncU1EJUmZ
77	USAMO 1996/2	https://www.youtube.com/watch?v=CkPmHY8MIYg&list=PLi6h8GM1FA6yHh4gDk_ZYezmncU1EJUmZ
78	IMO 2021/4	https://www.youtube.com/watch?v=MeXMi9NG2Rc&list=PLi6h8GM1FA6yHh4gDk_ZYezmncU1EJUmZ
79	IMO 2021/5	https://www.youtube.com/watch?v=U52PMz8nJjI&list=PLi6h8GM1FA6yHh4gDk_ZYezmncU1EJUmZ
80	Shortlist 2020 G7	https://www.youtube.com/watch?v=0kODbd66TdE&list=PLi6h8GM1FA6yHh4gDk_ZYezmncU1EJUmZ
81	USAMO 1996/2	https://www.youtube.com/watch?v=CkPmHY8MIYg&list=PLi6h8GM1FA6yHh4gDk_ZYezmncU1EJUmZ
81	USAMO 1996/3	https://www.youtube.com/watch?v=30XpnQ__wzs&list=PLi6h8GM1FA6yHh4gDk_ZYezmncU1EJUmZ
81	Centroamerican 2021/3	https://www.youtube.com/watch?v=H0HNe0I1WQI&list=PLi6h8GM1FA6yHh4gDk_ZYezmncU1EJUmZ
81	Korea 2021/2	https://www.youtube.com/watch?v=R7LQQU8NN9I&list=PLi6h8GM1FA6yHh4gDk_ZYezmncU1EJUmZ
81	KoMaL A775	https://www.youtube.com/watch?v=w8yZzdVOPdA&list=PLi6h8GM1FA6yHh4gDk_ZYezmncU1EJUmZ
83	Shortlist 2020 N5	https://www.youtube.com/watch?v=3Bl5SRkbyJg&list=PLi6h8GM1FA6yHh4gDk_ZYezmncU1EJUmZ
84	USAMO 1996/5	https://www.youtube.com/watch?v=HYHsVSqveMI&list=PLi6h8GM1FA6yHh4gDk_ZYezmncU1EJUmZ
85	MR U552	https://www.youtube.com/watch?v=i1atXI9YdxE&list=PLi6h8GM1FA6yHh4gDk_ZYezmncU1EJUmZ
86	ToT Spring 2010 S-A7	https://www.youtube.com/watch?v=2hMOwc5Zqrs&list=PLi6h8GM1FA6yHh4gDk_ZYezmncU1EJUmZ
86	China 2018/3	https://www.youtube.com/watch?v=sCZMl8JGDh0&list=PLi6h8GM1FA6yHh4gDk_ZYezmncU1EJUmZ
87	Ireland 1994/10	https://www.youtube.com/watch?v=lt32pF046lU&list=PLi6h8GM1FA6yHh4gDk_ZYezmncU1EJUmZ
87	Iberoamerican 2021/2	https://www.youtube.com/watch?v=vdvTg5tLx4I&list=PLi6h8GM1FA6yHh4gDk_ZYezmncU1EJUmZ
87	Iberoamerican 2021/4	https://www.youtube.com/watch?v=KDnDe6KaqL0&list=PLi6h8GM1FA6yHh4gDk_ZYezmncU1EJUmZ
87	Iberoamerican 2021/5	https://www.youtube.com/watch?v=4bE3JbYn120&list=PLi6h8GM1FA6yHh4gDk_ZYezmncU1EJUmZ
87	Iberoamerican 2021/1	https://www.youtube.com/watch?v=Wx4-fscAMB8&list=PLi6h8GM1FA6yHh4gDk_ZYezmncU1EJUmZ
87	Iberoamerican 2021/3	https://www.youtube.com/watch?v=uePJQlZHhNs&list=PLi6h8GM1FA6yHh4gDk_ZYezmncU1EJUmZ
88	IMO 1999/5	https://www.youtube.com/watch?v=V-9UBJr7aDI&list=PLi6h8GM1FA6yHh4gDk_ZYezmncU1EJUmZ
89	USEMO 2021/1	https://youtu.be/kjcY8qQAi5U
89	USEMO 2021/2	https://youtu.be/kjcY8qQAi5U
89	USEMO 2021/3	https://youtu.be/kjcY8qQAi5U
90	USEMO 2021/4	https://youtu.be/PhNIee2CzdY
90	USEMO 2021/5	https://youtu.be/PhNIee2CzdY
90	USEMO 2021/6	https://youtu.be/PhNIee2CzdY
91	MR J560	https://www.youtube.com/watch?v=xrAkxr6mB9w&list=PLi6h8GM1FA6yHh4gDk_ZYezmncU1EJUmZ
91	IMO 1999/6	https://www.youtube.com/watch?v=rlMW65i_VtI&list=PLi6h8GM1FA6yHh4gDk_ZYezmncU1EJUmZ
92	Twitch 092.3	https://www.youtube.com/watch?v=9sK8ISzHCvQ&list=PLi6h8GM1FA6yHh4gDk_ZYezmncU1EJUmZ
94	IMO 1998/3	https://www.youtube.com/watch?v=mKfgxyfdn2w&list=PLi6h8GM1FA6yHh4gDk_ZYezmncU1EJUmZ
95	Sylver coinage
97	gcd det	https://www.youtube.com/watch?v=SnEj4CljU18&list=PLi6h8GM1FA6yHh4gDk_ZYezmncU1EJUmZ
97	ToT Fall 2012 J-A7	https://www.youtube.com/watch?v=K759pczb7-A&list=PLi6h8GM1FA6yHh4gDk_ZYezmncU1EJUmZ
98	IMO 1999/1	https://www.youtube.com/watch?v=QIkoSVCHrR8&list=PLi6h8GM1FA6yHh4gDk_ZYezmncU1EJUmZ
99	IMO 1997/6
99	IMO 1997/4	https://www.youtube.com/watch?v=qMGDgxJqzIU&list=PLi6h8GM1FA6yHh4gDk_ZYezmncU1EJUmZ
99	Schweitzer 2020/1	https://www.youtube.com/watch?v=i1d3h_Rs9Iw&list=PLi6h8GM1FA6yHh4gDk_ZYezmncU1EJUmZ
100	Poland 2019/1/12	https://www.youtube.com/watch?v=8edyF716Mr8&list=PLi6h8GM1FA6yHh4gDk_ZYezmncU1EJUmZ
101	IMO 1997/2	https://www.youtube.com/watch?v=HytKqrMVGpc&list=PLi6h8GM1FA6yHh4gDk_ZYezmncU1EJUmZ
102	IMO 1998/4	https://www.youtube.com/watch?v=Gv7-k9dXa6s&list=PLi6h8GM1FA6yHh4gDk_ZYezmncU1EJUmZ
103	USEMO 2022/4	https://www.youtube.com/watch?v=dC9VpiGVRqs
103	USEMO 2022/5	https://www.youtube.com/watch?v=dC9VpiGVRqs
103	USEMO 2022/6	https://www.youtube.com/watch?v=dC9VpiGVRqs
104	Iberoamerican 2022/5	https://www.youtube.com/watch?v=dhCir0TYqIg&list=PLi6h8GM1FA6yHh4gDk_ZYezmncU1EJUmZ
106	Twitch 106.1	https://www.youtube.com/watch?v=9iE3J43Sozk&list=PLi6h8GM1FA6yHh4gDk_ZYezmncU1EJUmZ
106	Kosovo TST 2019/1	https://www.youtube.com/watch?v=1HWZAbOob44&list=PLi6h8GM1FA6yHh4gDk_ZYezmncU1EJUmZ
106	Brazil 2022/2	https://www.youtube.com/watch?v=w0Hvkqf0aQ8&list=PLi6h8GM1FA6yHh4gDk_ZYezmncU1EJUmZ
106	Twitch 106.4	https://www.youtube.com/watch?v=_HtErqKU_zQ&list=PLi6h8GM1FA6yHh4gDk_ZYezmncU1EJUmZ
106	ToT Spring 2004 S-A5	https://www.youtube.com/watch?v=tAXEpNhZG_Q&list=PLi6h8GM1FA6yHh4gDk_ZYezmncU1EJUmZ
107	Brazil 2022/6	https://www.youtube.com/watch?v=oxrY6brGYfg&list=PLi6h8GM1FA6yHh4gDk_ZYezmncU1EJUmZ
107	DEMO Mock 2022/1	https://www.youtube.com/watch?v=XUAVeDk2GsY&list=PLi6h8GM1FA6yHh4gDk_ZYezmncU1EJUmZ
107	Australia 2020/8	https://www.youtube.com/watch?v=Qqk8cbL2fP8&list=PLi6h8GM1FA6yHh4gDk_ZYezmncU1EJUmZ
108	PAGMO 2022/1	https://www.youtube.com/watch?v=C9WhZldyMuc&t=185s
108	Math Prize 2022/2	https://www.youtube.com/watch?v=C9WhZldyMuc&t=2259s
108	Putnam 2022 B4	https://www.youtube.com/watch?v=C9WhZldyMuc&t=3699s
108	Brazil 2022/6	https://www.youtube.com/watch?v=C9WhZldyMuc&t=4963s
109	Iberoamerican 2019/5	https://www.youtube.com/watch?v=5Q7Qg3Oti-g&list=PLi6h8GM1FA6yHh4gDk_ZYezmncU1EJUmZ
109	All-Lincoln 2022/6	https://www.youtube.com/watch?v=GEa2nOS1PBM&list=PLi6h8GM1FA6yHh4gDk_ZYezmncU1EJUmZ
109	Iberoamerican 2019/2	https://www.youtube.com/watch?v=_91OtUwJMjQ&list=PLi6h8GM1FA6yHh4gDk_ZYezmncU1EJUmZ
110	CodeForces 1698F	https://www.youtube.com/watch?v=h3CEfCfK924&list=PLi6h8GM1FA6yHh4gDk_ZYezmncU1EJUmZ
110	China 2023/5	https://www.youtube.com/watch?v=UsbnjfTOljs&list=PLi6h8GM1FA6yHh4gDk_ZYezmncU1EJUmZ
110	Clock	https://www.youtube.com/watch?v=16UNuZTrNTc&list=PLi6h8GM1FA6yHh4gDk_ZYezmncU1EJUmZ
111	ELMO Revenge 2022/2	https://www.youtube.com/watch?v=V58ZweJKKGA&list=PLi6h8GM1FA6yHh4gDk_ZYezmncU1EJUmZ
111	USAMTS 4/3/34	https://www.youtube.com/watch?v=V58ZweJKKGA&list=PLi6h8GM1FA6yHh4gDk_ZYezmncU1EJUmZ
111	USAMTS 4/2/34	https://www.youtube.com/watch?v=uUJ9BlrjJHg&list=PLi6h8GM1FA6yHh4gDk_ZYezmncU1EJUmZ
111	!AtCoder ARC 139E	https://www.youtube.com/watch?v=duYrKINEE1Y&list=PLi6h8GM1FA6yHh4gDk_ZYezmncU1EJUmZ
112	INMO 2023/6	https://www.youtube.com/watch?v=kR3Tzw5JIUU&list=PLi6h8GM1FA6yHh4gDk_ZYezmncU1EJUmZ
112	ELMO Revenge 2022/1	https://www.youtube.com/watch?v=QVD4kFNyCHQ&list=PLi6h8GM1FA6yHh4gDk_ZYezmncU1EJUmZ
112	INMO 2023/2	https://www.youtube.com/watch?v=9WdIHzvXF64&list=PLi6h8GM1FA6yHh4gDk_ZYezmncU1EJUmZ
113	AMC 8 2023/17	https://www.youtube.com/watch?v=nnXx2tSVi4U&list=PLi6h8GM1FA6yHh4gDk_ZYezmncU1EJUmZ
113	Twitch 113.2	https://www.youtube.com/watch?v=mUDShxX8XNk&list=PLi6h8GM1FA6yHh4gDk_ZYezmncU1EJUmZ
113	GaussMO 2022/3	https://www.youtube.com/watch?v=RsTDs5YNlIM&list=PLi6h8GM1FA6yHh4gDk_ZYezmncU1EJUmZ
113	CodeForces 1667C	https://www.youtube.com/watch?v=UEspJ8Xkmpo&list=PLi6h8GM1FA6yHh4gDk_ZYezmncU1EJUmZ
113	Florida 2023	https://www.youtube.com/watch?v=O2-1qI9SEHg&list=PLi6h8GM1FA6yHh4gDk_ZYezmncU1EJUmZ
114	IntBee 2023/S7	https://www.youtube.com/watch?v=Skl06cOBbV8&list=PLi6h8GM1FA6yHh4gDk_ZYezmncU1EJUmZ
114	!Kattis Stamp Stamp	https://www.youtube.com/watch?v=g7x8SYY9rv8&list=PLi6h8GM1FA6yHh4gDk_ZYezmncU1EJUmZ
115	!CodeForces 4A	https://www.youtube.com/watch?v=i0hXoYTq8Fw&list=PLi6h8GM1FA6yHh4gDk_ZYezmncU1EJUmZ
115	!CodeForces 1339A	https://www.youtube.com/watch?v=i0hXoYTq8Fw&list=PLi6h8GM1FA6yHh4gDk_ZYezmncU1EJUmZ
115	!CodeForces 1770C	https://www.youtube.com/watch?v=i0hXoYTq8Fw&list=PLi6h8GM1FA6yHh4gDk_ZYezmncU1EJUmZ
116	IMO 1997/1	https://www.youtube.com/watch?v=zOToam5MzlM&list=PLi6h8GM1FA6yHh4gDk_ZYezmncU1EJUmZ
116	IMO 1997/3	https://www.youtube.com/watch?v=zY4Uxk7i2Gg&list=PLi6h8GM1FA6yHh4gDk_ZYezmncU1EJUmZ
116	!CodeForces 1703A
117	IMO 1987/5	https://www.youtube.com/watch?v=MQizW3_nrZE&list=PLi6h8GM1FA6yHh4gDk_ZYezmncU1EJUmZ
117	!AtCoder ABC 286F	https://www.youtube.com/watch?v=NFlt3yTkkwg&list=PLi6h8GM1FA6yHh4gDk_ZYezmncU1EJUmZ
118	Twitch 118.1	https://www.youtube.com/watch?v=W5EgJeHEIec&list=PLi6h8GM1FA6yHh4gDk_ZYezmncU1EJUmZ
119	NACLO 2020/O	https://www.youtube.com/watch?v=miS1glgwDUs&list=PLi6h8GM1FA6yHh4gDk_ZYezmncU1EJUmZ
119	Twitch 119.2	https://www.youtube.com/watch?v=wwZUgX_R3iQ&list=PLi6h8GM1FA6yHh4gDk_ZYezmncU1EJUmZ
119	bissue 2022/13	https://www.youtube.com/watch?v=8ij1wFg-SjU&list=PLi6h8GM1FA6yHh4gDk_ZYezmncU1EJUmZ
120	bissue 2022/15	https://www.youtube.com/watch?v=PBSOcmLosrw&list=PLi6h8GM1FA6yHh4gDk_ZYezmncU1EJUmZ
120	Longlist 1967/SWE-5	https://www.youtube.com/watch?v=VKuQfVxX-KI&list=PLi6h8GM1FA6yHh4gDk_ZYezmncU1EJUmZ
120	236 Open 2016/J8	https://www.youtube.com/watch?v=alIMoFzVuOc&list=PLi6h8GM1FA6yHh4gDk_ZYezmncU1EJUmZ
120	Simson Segments	https://www.youtube.com/watch?v=9A2Jc6O7MTI&list=PLi6h8GM1FA6yHh4gDk_ZYezmncU1EJUmZ
121	BAMO 2019/3	https://www.youtube.com/watch?v=4VQxYmE2tEQ&list=PLi6h8GM1FA6yHh4gDk_ZYezmncU1EJUmZ
121	RMM 2008/4	https://www.youtube.com/watch?v=79W3dNyiYWw&list=PLi6h8GM1FA6yHh4gDk_ZYezmncU1EJUmZ
121	Longlist 1974/2	https://www.youtube.com/watch?v=QS7jBXIVf8s&list=PLi6h8GM1FA6yHh4gDk_ZYezmncU1EJUmZ
122	China 2005/2	https://www.youtube.com/watch?v=kFaKtqOXGk0&list=PLi6h8GM1FA6yHh4gDk_ZYezmncU1EJUmZ
122	Marcin E Kuczma	https://www.youtube.com/watch?v=2mn3De0yc8A&list=PLi6h8GM1FA6yHh4gDk_ZYezmncU1EJUmZ
122	Ukraine 2023/9.4	https://www.youtube.com/watch?v=y8k9qrrG-Qc&list=PLi6h8GM1FA6yHh4gDk_ZYezmncU1EJUmZ
122	!CodeForces 1628C	https://www.youtube.com/watch?v=lzOuxpi9924&list=PLi6h8GM1FA6yHh4gDk_ZYezmncU1EJUmZ
122	!CodeForces 630A	https://www.youtube.com/watch?v=Y2GYmRFYatk&list=PLi6h8GM1FA6yHh4gDk_ZYezmncU1EJUmZ
122	!CodeForces 1673F	https://www.youtube.com/watch?v=czE1CFWK0BE&list=PLi6h8GM1FA6yHh4gDk_ZYezmncU1EJUmZ
122	!CodeForces 688B	https://www.youtube.com/watch?v=UfCBF7TEMiA&t=14140s
123	EGMO 2023/6	https://www.youtube.com/watch?v=ZmG11r8tQNI&list=PLi6h8GM1FA6yHh4gDk_ZYezmncU1EJUmZ
123	EGMO 2023/3	https://www.youtube.com/watch?v=PcPjYpkwY_g&list=PLi6h8GM1FA6yHh4gDk_ZYezmncU1EJUmZ
123	!CodeForces 1292E	https://www.youtube.com/watch?v=rekLsOS7ZL0&list=PLi6h8GM1FA6yHh4gDk_ZYezmncU1EJUmZ
123	Twitch 123.4	https://www.youtube.com/watch?v=Qvq4pTg-C8o&list=PLi6h8GM1FA6yHh4gDk_ZYezmncU1EJUmZ
123	China 2021/6	https://www.youtube.com/watch?v=orvTuytr6uk&list=PLi6h8GM1FA6yHh4gDk_ZYezmncU1EJUmZ
124	EGMO 2023/2	https://www.youtube.com/watch?v=Gf_gS-scjoo&list=PLi6h8GM1FA6yHh4gDk_ZYezmncU1EJUmZ
124	Longlist 1985/19	https://www.youtube.com/watch?v=V_tTeGYaVAk&list=PLi6h8GM1FA6yHh4gDk_ZYezmncU1EJUmZ
124	Twitch 124.3	https://www.youtube.com/watch?v=f4F7tDglpzA&list=PLi6h8GM1FA6yHh4gDk_ZYezmncU1EJUmZ
124	CEMC Euclid 2023/10C	https://www.youtube.com/watch?v=soMY1qyNiNI&list=PLi6h8GM1FA6yHh4gDk_ZYezmncU1EJUmZ
124	Florida 2023B	https://www.youtube.com/watch?v=NUyidWDwNls&list=PLi6h8GM1FA6yHh4gDk_ZYezmncU1EJUmZ
124	Iberoamerican 2022/2	https://www.youtube.com/watch?v=doMHBeuDnxQ&list=PLi6h8GM1FA6yHh4gDk_ZYezmncU1EJUmZ
125	Iran TST 2021/2/4	https://www.youtube.com/watch?v=3D5R2FHB0MVz0&list=PLi6h8GM1FA6yHh4gDk_ZYezmncU1EJUmZ
125	Twitch 125.2	https://www.youtube.com/watch?v=3DdyaBnRYPN30&list=PLi6h8GM1FA6yHh4gDk_ZYezmncU1EJUmZ
125	!CodeForces 1817D	https://www.youtube.com/watch?v=3DIoCkcMBJxIM&list=PLi6h8GM1FA6yHh4gDk_ZYezmncU1EJUmZ
125	Twitch 125.4	https://www.youtube.com/watch?v=3Dd8R3u_8H6BM&list=PLi6h8GM1FA6yHh4gDk_ZYezmncU1EJUmZ
125	Twitch 125.5	https://www.youtube.com/watch?v=3D2kETEbaI3rM&list=PLi6h8GM1FA6yHh4gDk_ZYezmncU1EJUmZ
129	IMO 2023/1	https://www.youtube.com/watch?v=Z7G7bSGfrqU&list=PLi6h8GM1FA6yHh4gDk_ZYezmncU1EJUmZ
129	IMO 2023/2	https://www.youtube.com/watch?v=Alz2OWHH7QY&list=PLi6h8GM1FA6yHh4gDk_ZYezmncU1EJUmZ
129	Twitch 129.3	https://www.youtube.com/watch?v=hA8yUGtN0ks&list=PLi6h8GM1FA6yHh4gDk_ZYezmncU1EJUmZ
129	IMO 2023/4	https://www.youtube.com/watch?v=vDG6i7LmiFU&list=PLi6h8GM1FA6yHh4gDk_ZYezmncU1EJUmZ
130	IMC 2023/2	https://www.youtube.com/watch?v=JKne3A1Pu8o&list=PLi6h8GM1FA6yHh4gDk_ZYezmncU1EJUmZ
130	IMO 2023/3	https://www.youtube.com/watch?v=yGZUjUYTbzc&list=PLi6h8GM1FA6yHh4gDk_ZYezmncU1EJUmZ
130	ELMO SL 2023 G1	https://www.youtube.com/watch?v=wMdc6hUhhaA&list=PLi6h8GM1FA6yHh4gDk_ZYezmncU1EJUmZ
130	IOL 2015/1	https://www.youtube.com/watch?v=OtNvLm57wv4&list=PLi6h8GM1FA6yHh4gDk_ZYezmncU1EJUmZ
131	OMMC 2023/9	https://www.youtube.com/watch?v=tGv-hnYaK0s&list=PLi6h8GM1FA6yHh4gDk_ZYezmncU1EJUmZ
131	Malaysia SST 2023/7	https://www.youtube.com/watch?v=oNISgD_vjkM&list=PLi6h8GM1FA6yHh4gDk_ZYezmncU1EJUmZ
131	Cross Ops	https://www.youtube.com/watch?v=gjQyGxUu4YY&list=PLi6h8GM1FA6yHh4gDk_ZYezmncU1EJUmZ
132	Russia 2010/11.3	https://www.youtube.com/watch?v=luK5T-k08Ic&list=PLi6h8GM1FA6yHh4gDk_ZYezmncU1EJUmZ
132	Rioplatense 2019/L2/3	https://www.youtube.com/watch?v=3X6YcQybomM&list=PLi6h8GM1FA6yHh4gDk_ZYezmncU1EJUmZ
132	IMO 1973/5	https://www.youtube.com/watch?v=mqkpYly4eg8&list=PLi6h8GM1FA6yHh4gDk_ZYezmncU1EJUmZ
132	ELMO SL 2023 G7	https://www.youtube.com/watch?v=S3z2LSt7zzY&list=PLi6h8GM1FA6yHh4gDk_ZYezmncU1EJUmZ
133	AMC 12A 2023/22	https://www.youtube.com/watch?v=aqhUZkRuI4k&list=PLi6h8GM1FA6yHh4gDk_ZYezmncU1EJUmZ
133	H3167860	https://www.youtube.com/watch?v=E3bzg5HKpCY&list=PLi6h8GM1FA6yHh4gDk_ZYezmncU1EJUmZ
133	H3195318	https://www.youtube.com/watch?v=5A5Yu65JV_U&list=PLi6h8GM1FA6yHh4gDk_ZYezmncU1EJUmZ
133	!CodeForces 1567C	https://www.youtube.com/watch?v=tG9LsSkFjYo&list=PLi6h8GM1FA6yHh4gDk_ZYezmncU1EJUmZ
133	!CodeForces 1823E	https://www.youtube.com/watch?v=tQVDFWh9sig&list=PLi6h8GM1FA6yHh4gDk_ZYezmncU1EJUmZ
133	!CodeForces 1575K	https://www.youtube.com/watch?v=yxTOsUDauxc&list=PLi6h8GM1FA6yHh4gDk_ZYezmncU1EJUmZ
133	Twitch 133.6	https://www.youtube.com/watch?v=xitwCD-EOu0&list=PLi6h8GM1FA6yHh4gDk_ZYezmncU1EJUmZ
134	Brazil 2019/J5	https://www.youtube.com/watch?v=hU0Zv1-UTH8&list=PLi6h8GM1FA6yHh4gDk_ZYezmncU1EJUmZ
135	H3167668	https://www.youtube.com/watch?v=3tbbD4GaaHs&list=PLi6h8GM1FA6yHh4gDk_ZYezmncU1EJUmZ
136	USAMTS 3/2/35	https://www.youtube.com/watch?v=eFTzgaOUNXw&list=PLi6h8GM1FA6yHh4gDk_ZYezmncU1EJUmZ
136	H3170234	https://www.youtube.com/watch?v=nyKKvc87dg8&list=PLi6h8GM1FA6yHh4gDk_ZYezmncU1EJUmZ
136	!CodeForces 1188B	https://www.youtube.com/watch?v=51aiCEs4R8k&list=PLi6h8GM1FA6yHh4gDk_ZYezmncU1EJUmZ
136	HMNT 2023 Gen10	https://www.youtube.com/watch?v=xR7rzNMpQlw&list=PLi6h8GM1FA6yHh4gDk_ZYezmncU1EJUmZ
137	!CodeForces 1375F	https://www.youtube.com/watch?v=wDWymYWjHRQ&list=PLi6h8GM1FA6yHh4gDk_ZYezmncU1EJUmZ
137	Twitch 137.2	https://www.youtube.com/watch?v=1VW8EToKfWs&list=PLi6h8GM1FA6yHh4gDk_ZYezmncU1EJUmZ
137	Twitch 137.3	https://www.youtube.com/watch?v=zDQbD1BOFCw&list=PLi6h8GM1FA6yHh4gDk_ZYezmncU1EJUmZ
137	CAMO 2022/3	https://www.youtube.com/watch?v=MLRLaRGDr0c&list=PLi6h8GM1FA6yHh4gDk_ZYezmncU1EJUmZ
138	EMCC 2023 T-14	https://www.youtube.com/watch?v=FjKluBxpqRk&list=PLi6h8GM1FA6yHh4gDk_ZYezmncU1EJUmZ
138	H3226403	https://www.youtube.com/watch?v=YTRMS2MG8P0&list=PLi6h8GM1FA6yHh4gDk_ZYezmncU1EJUmZ
138	Mexico Q3	https://www.youtube.com/watch?v=c5NGYpfv8OQ&list=PLi6h8GM1FA6yHh4gDk_ZYezmncU1EJUmZ
138	XOOK 2023/3	https://www.youtube.com/watch?v=lNoAOiFX1ys&list=PLi6h8GM1FA6yHh4gDk_ZYezmncU1EJUmZ
139	H3087478	https://www.youtube.com/watch?v=NCPmljDOITk&list=PLi6h8GM1FA6yHh4gDk_ZYezmncU1EJUmZ
139	China TST Quiz 2007/1/3	https://www.youtube.com/watch?v=rmhfgp47avs&list=PLi6h8GM1FA6yHh4gDk_ZYezmncU1EJUmZ
140	H3278100	https://www.youtube.com/watch?v=sJsAqXuGj-A&list=PLi6h8GM1FA6yHh4gDk_ZYezmncU1EJUmZ
141	USAMO 2024/5	https://www.youtube.com/watch?v=7M-b5zXXpaY&list=PLi6h8GM1FA6yHh4gDk_ZYezmncU1EJUmZ
141	JMO 2024/1	https://www.youtube.com/watch?v=N3WG9AY9HYY&list=PLi6h8GM1FA6yHh4gDk_ZYezmncU1EJUmZ
141	JMO 2024/2	https://www.youtube.com/watch?v=eZe8tDDSx70&list=PLi6h8GM1FA6yHh4gDk_ZYezmncU1EJUmZ
142	JMO 2024/4	https://www.youtube.com/watch?v=s_bUukq7HiA&list=PLi6h8GM1FA6yHh4gDk_ZYezmncU1EJUmZ
142	JMO 2024/5	https://www.youtube.com/watch?v=yLhlJHJDxvQ&list=PLi6h8GM1FA6yHh4gDk_ZYezmncU1EJUmZ
142	Brazil 2021/3	https://www.youtube.com/watch?v=7wmIb_Byghc&list=PLi6h8GM1FA6yHh4gDk_ZYezmncU1EJUmZ
143	Asian-Pacific Ling 2021	https://www.youtube.com/watch?v=IukIR5TSNiE&list=PLi6h8GM1FA6yHh4gDk_ZYezmncU1EJUmZ
143	USAMO 2024/4	https://www.youtube.com/watch?v=ZLOghPRDgoU&list=PLi6h8GM1FA6yHh4gDk_ZYezmncU1EJUmZ
144	H2716390	https://www.youtube.com/watch?v=G_cRUZ1TEmU&list=PLi6h8GM1FA6yHh4gDk_ZYezmncU1EJUmZ
144	!AtCoder AGC051B	https://www.youtube.com/watch?v=RqQfhO_m64U&list=PLi6h8GM1FA6yHh4gDk_ZYezmncU1EJUmZ
144	XOOK 2023/2	https://www.youtube.com/watch?v=cuUQkgZ4xVc&list=PLi6h8GM1FA6yHh4gDk_ZYezmncU1EJUmZ
145	Twitch 145.1	https://www.youtube.com/watch?v=tc9C60_2-KM&list=PLi6h8GM1FA6yHh4gDk_ZYezmncU1EJUmZ
145	!AtCoder AGC066B	https://www.youtube.com/watch?v=eZjArkxoMWQ&list=PLi6h8GM1FA6yHh4gDk_ZYezmncU1EJUmZ
145	!CodeForces 1270I	https://www.youtube.com/watch?v=9aWj6LHt280&list=PLi6h8GM1FA6yHh4gDk_ZYezmncU1EJUmZ
145	Taiwan MO 2024/4	https://www.youtube.com/watch?v=eiHul2kJINE&list=PLi6h8GM1FA6yHh4gDk_ZYezmncU1EJUmZ
145	Frog jump	https://www.youtube.com/watch?v=W2chl6FnsPg&list=PLi6h8GM1FA6yHh4gDk_ZYezmncU1EJUmZ
146	EGMO 2024/1	https://www.youtube.com/watch?v=wb-9khsmdpA&list=PLi6h8GM1FA6yHh4gDk_ZYezmncU1EJUmZ
146	EGMO 2024/2	https://www.youtube.com/watch?v=Q1CLri5l28I&list=PLi6h8GM1FA6yHh4gDk_ZYezmncU1EJUmZ
146	EGMO 2024/3	https://www.youtube.com/watch?v=EJS9br0gyqE&list=PLi6h8GM1FA6yHh4gDk_ZYezmncU1EJUmZ
146	EGMO 2024/4	https://www.youtube.com/watch?v=AawAbKQsCVM&list=PLi6h8GM1FA6yHh4gDk_ZYezmncU1EJUmZ
146	EGMO 2024/5	https://www.youtube.com/watch?v=Yh0r9zHgXYA&list=PLi6h8GM1FA6yHh4gDk_ZYezmncU1EJUmZ
147	EGMO 2014/4	https://www.youtube.com/watch?v=Ce0D5Uzxnew&list=PLi6h8GM1FA6yHh4gDk_ZYezmncU1EJUmZ
147	EGMO 2012/3	https://www.youtube.com/watch?v=Pu1ZIi6Ff20&list=PLi6h8GM1FA6yHh4gDk_ZYezmncU1EJUmZ
148	EGMO 2012/8	https://www.youtube.com/watch?v=3Bgka1mOzq0&list=PLi6h8GM1FA6yHh4gDk_ZYezmncU1EJUmZ
148	EGMO 2012/6	https://www.youtube.com/watch?v=-W-6ipWlyEA&list=PLi6h8GM1FA6yHh4gDk_ZYezmncU1EJUmZ
149	EGMO 2022/1	https://www.youtube.com/watch?v=tjxbdw41fzc&list=PLi6h8GM1FA6yHh4gDk_ZYezmncU1EJUmZ
150	IOL 2014	https://www.youtube.com/watch?v=bQvkbMIphtY&list=PLi6h8GM1FA6yHh4gDk_ZYezmncU1EJUmZ
150	Philippines 2024/1	https://www.youtube.com/watch?v=pm4lAI17Hxc&list=PLi6h8GM1FA6yHh4gDk_ZYezmncU1EJUmZ
150	Twitch 150.3	https://www.youtube.com/watch?v=-S-jnY4-a34&list=PLi6h8GM1FA6yHh4gDk_ZYezmncU1EJUmZ
151	ELMO 2024/4	https://www.youtube.com/watch?v=J4QtlbYxBDU&list=PLi6h8GM1FA6yHh4gDk_ZYezmncU1EJUmZ
151	Canada 2024/5	https://www.youtube.com/watch?v=bu_C5NzK1T4&list=PLi6h8GM1FA6yHh4gDk_ZYezmncU1EJUmZ
153	ELMO 2012/6	https://www.youtube.com/watch?v=SuSplOVnq00&list=PLi6h8GM1FA6yHh4gDk_ZYezmncU1EJUmZ
153	Minesweeper	https://www.youtube.com/watch?v=8IdBxpyq5D0&list=PLi6h8GM1FA6yHh4gDk_ZYezmncU1EJUmZ
154	Mexico 2024/3	https://www.youtube.com/watch?v=yzNmJ8mBhg8&list=PLi6h8GM1FA6yHh4gDk_ZYezmncU1EJUmZ
155	Philippines 2024/III/7	https://www.youtube.com/watch?v=SZKnEAclM3o&list=PLi6h8GM1FA6yHh4gDk_ZYezmncU1EJUmZ
156	HMMT 2025 T7	https://www.youtube.com/watch?v=Guwjcgnkq7c&list=PLi6h8GM1FA6yHh4gDk_ZYezmncU1EJUmZ
156	H3507300	https://www.youtube.com/watch?v=v_Ng9xsa26g&list=PLi6h8GM1FA6yHh4gDk_ZYezmncU1EJUmZ
156	XOOK 2025/1	https://www.youtube.com/watch?v=LS4DsHGIp2o&list=PLi6h8GM1FA6yHh4gDk_ZYezmncU1EJUmZ
157	XOOK 2025/2	https://www.youtube.com/watch?v=kPRQ11q--gY&list=PLi6h8GM1FA6yHh4gDk_ZYezmncU1EJUmZ
158	Twitch 158.2	https://www.youtube.com/watch?v=LfIOXTYSFGA&list=PLi6h8GM1FA6yHh4gDk_ZYezmncU1EJUmZ
158	JMO 2025/4	https://www.youtube.com/watch?v=EoTMC4f70QY&list=PLi6h8GM1FA6yHh4gDk_ZYezmncU1EJUmZ
158	JMO 2025/6	https://www.youtube.com/watch?v=Gu8opSiI0pw&list=PLi6h8GM1FA6yHh4gDk_ZYezmncU1EJUmZ
158	USAMO 2025/6	https://www.youtube.com/watch?v=pbhPoQfVsjw&list=PLi6h8GM1FA6yHh4gDk_ZYezmncU1EJUmZ
159	OMF 2025/4	https://www.youtube.com/watch?v=PilRVBNcWxY&list=PLi6h8GM1FA6yHh4gDk_ZYezmncU1EJUmZ
159	arXiv 1906.10482	https://www.youtube.com/watch?v=d4STJiEsQXE&list=PLi6h8GM1FA6yHh4gDk_ZYezmncU1EJUmZ
160	IOL 2014	https://www.youtube.com/watch?v=pAy7m-NMfqs&list=PLi6h8GM1FA6yHh4gDk_ZYezmncU1EJUmZ
160	Korea Winter 2019/3	https://www.youtube.com/watch?v=uvcgiSAyjzc&list=PLi6h8GM1FA6yHh4gDk_ZYezmncU1EJUmZ
161	EGMO 2025/3	https://www.youtube.com/watch?v=yiRQt-OhbtA&list=PLi6h8GM1FA6yHh4gDk_ZYezmncU1EJUmZ
162	EGMO 2025/5	https://www.youtube.com/watch?v=GbAvWnsCSZk&list=PLi6h8GM1FA6yHh4gDk_ZYezmncU1EJUmZ
162	Twitch 161.2	https://www.youtube.com/watch?v=bUi8M1DWseQ&list=PLi6h8GM1FA6yHh4gDk_ZYezmncU1EJUmZ
162	HMIC 2025/5	https://www.youtube.com/watch?v=W5rdrCAtBO8&list=PLi6h8GM1FA6yHh4gDk_ZYezmncU1EJUmZ
162	HMIC 2025/3	https://www.youtube.com/watch?v=vhC62b_GHgs&list=PLi6h8GM1FA6yHh4gDk_ZYezmncU1EJUmZ
163	IOL 2014/2	https://www.youtube.com/watch?v=QMPukpBkMAo&list=PLi6h8GM1FA6yHh4gDk_ZYezmncU1EJUmZ
163	EGMO 2025/1	https://www.youtube.com/watch?v=2g3avY_TJAU&list=PLi6h8GM1FA6yHh4gDk_ZYezmncU1EJUmZ
163	EGMO 2025/2	https://www.youtube.com/watch?v=qm5tzRWuQpI&list=PLi6h8GM1FA6yHh4gDk_ZYezmncU1EJUmZ
163	EGMO 2025/4	https://www.youtube.com/watch?v=Nu_RjYVYHPw&list=PLi6h8GM1FA6yHh4gDk_ZYezmncU1EJUmZ
